ID,Name,Form,Type1,Type2,Total,HP,Attack,Defense,Sp. Atk,Sp. Def,Speed,Generation
19,Rattata,Alolan Rattata,Dark,Normal,253,30,56,35,25,35,72,7
20,Raticate,Alolan Raticate,Dark,Normal,413,75,71,70,40,80,77,7
25,Pikachu,Partner Pikachu,Electric, ,430,45,80,50,75,60,120,7
26,Raichu,Alolan Raichu,Electric,Psychic,485,60,85,50,95,85,110,7
27,Sandshrew,Alolan Sandshrew,Ice,Steel,300,50,75,90,10,35,40,7
28,Sandslash,Alolan Sandslash,Ice,Steel,450,75,100,120,25,65,65,7
37,Vulpix,Alolan Vulpix,Ice, ,299,38,41,40,50,65,65,7
38,Ninetales,Alolan Ninetales,Ice,Fairy,505,73,67,75,81,100,109,7
50,Diglett,Alolan Diglett,Ground,Steel,265,10,55,30,35,45,90,7
51,Dugtrio,Alolan Dugtrio,Ground,Steel,425,35,100,60,50,70,110,7
52,Meowth,Alolan Meowth,Dark, ,290,40,35,35,50,40,90,7
53,Persian,Alolan Persian,Dark, ,440,65,60,60,75,65,115,7
74,Geodude,Alolan Geodude,Rock,Electric,300,40,80,100,30,30,20,7
75,Graveler,Alolan Graveler,Rock,Electric,390,55,95,115,45,45,35,7
76,Golem,Alolan Golem,Rock,Electric,495,80,120,130,55,65,45,7
88,Grimer,Alolan Grimer,Poison,Dark,325,80,80,50,40,50,25,7
89,Muk,Alolan Muk,Poison,Dark,500,105,105,75,65,100,50,7
103,Exeggutor,Alolan Exeggutor,Grass,Dragon,530,95,105,85,125,75,45,7
105,Marowak,Alolan Marowak,Fire,Ghost,425,60,80,110,50,80,45,7
133,Eevee,Partner Eevee,Normal, ,435,65,75,70,65,85,75,7
658,Greninja,Ash-Greninja,Water,Dark,640,72,145,67,153,71,132,7
718,Zygarde10% Forme, ,Dragon,Ground,486,54,100,71,61,85,115,7
718,Zygarde,Complete Forme,Dragon,Ground,708,216,100,121,91,95,85,7
722,Rowlet, ,Grass,Flying,320,68,55,55,50,50,42,7
723,Dartrix, ,Grass,Flying,420,78,75,75,70,70,52,7
724,Decidueye, ,Grass,Ghost,530,78,107,75,100,100,70,7
725,Litten, ,Fire, ,320,45,65,40,60,40,70,7
726,Torracat, ,Fire, ,420,65,85,50,80,50,90,7
727,Incineroar, ,Fire,Dark,530,95,115,90,80,90,60,7
728,Popplio, ,Water, ,320,50,54,54,66,56,40,7
729,Brionne, ,Water, ,420,60,69,69,91,81,50,7
730,Primarina, ,Water,Fairy,530,80,74,74,126,116,60,7
731,Pikipek, ,Normal,Flying,265,35,75,30,30,30,65,7
732,Trumbeak, ,Normal,Flying,355,55,85,50,40,50,75,7
733,Toucannon, ,Normal,Flying,485,80,120,75,75,75,60,7
734,Yungoos, ,Normal, ,253,48,70,30,30,30,45,7
735,Gumshoos, ,Normal, ,418,88,110,60,55,60,45,7
736,Grubbin, ,Bug, ,300,47,62,45,55,45,46,7
737,Charjabug, ,Bug,Electric,400,57,82,95,55,75,36,7
738,Vikavolt, ,Bug,Electric,500,77,70,90,145,75,43,7
739,Crabrawler, ,Fighting, ,338,47,82,57,42,47,63,7
740,Crabominable, ,Fighting,Ice,478,97,132,77,62,67,43,7
741,Oricorio,Baile Style,Fire,Flying,476,75,70,70,98,70,93,7
741,Oricorio,Pom-Pom Style,Electric,Flying,476,75,70,70,98,70,93,7
741,Oricorio,Pa'u Style,Psychic,Flying,476,75,70,70,98,70,93,7
741,Oricorio,Sensu Style,Ghost,Flying,476,75,70,70,98,70,93,7
742,Cutiefly, ,Bug,Fairy,304,40,45,40,55,40,84,7
743,Ribombee, ,Bug,Fairy,464,60,55,60,95,70,124,7
744,Rockruff, ,Rock, ,280,45,65,40,30,40,60,7
744,Rockruff,Own Tempo Rockruff,Rock, ,280,45,65,40,30,40,60,7
745,Lycanroc,Midday Form,Rock, ,487,75,115,65,55,65,112,7
745,Lycanroc,Midnight Form,Rock, ,487,85,115,75,55,75,82,7
745,Lycanroc,Dusk Form,Rock, ,487,75,117,65,55,65,110,7
746,Wishiwashi,Solo Form,Water, ,175,45,20,20,25,25,40,7
746,Wishiwashi,School Form,Water, ,620,45,140,130,140,135,30,7
747,Mareanie, ,Poison,Water,305,50,53,62,43,52,45,7
748,Toxapex, ,Poison,Water,495,50,63,152,53,142,35,7
749,Mudbray, ,Ground, ,385,70,100,70,45,55,45,7
750,Mudsdale, ,Ground, ,500,100,125,100,55,85,35,7
751,Dewpider, ,Water,Bug,269,38,40,52,40,72,27,7
752,Araquanid, ,Water,Bug,454,68,70,92,50,132,42,7
753,Fomantis, ,Grass, ,250,40,55,35,50,35,35,7
754,Lurantis, ,Grass, ,480,70,105,90,80,90,45,7
755,Morelull, ,Grass,Fairy,285,40,35,55,65,75,15,7
756,Shiinotic, ,Grass,Fairy,405,60,45,80,90,100,30,7
757,Salandit, ,Poison,Fire,320,48,44,40,71,40,77,7
758,Salazzle, ,Poison,Fire,480,68,64,60,111,60,117,7
759,Stufful, ,Normal,Fighting,340,70,75,50,45,50,50,7
760,Bewear, ,Normal,Fighting,500,120,125,80,55,60,60,7
761,Bounsweet, ,Grass, ,210,42,30,38,30,38,32,7
762,Steenee, ,Grass, ,290,52,40,48,40,48,62,7
763,Tsareena, ,Grass, ,510,72,120,98,50,98,72,7
764,Comfey, ,Fairy, ,485,51,52,90,82,110,100,7
765,Oranguru, ,Normal,Psychic,490,90,60,80,90,110,60,7
766,Passimian, ,Fighting, ,490,100,120,90,40,60,80,7
767,Wimpod, ,Bug,Water,230,25,35,40,20,30,80,7
768,Golisopod, ,Bug,Water,530,75,125,140,60,90,40,7
769,Sandygast, ,Ghost,Ground,320,55,55,80,70,45,15,7
770,Palossand, ,Ghost,Ground,480,85,75,110,100,75,35,7
771,Pyukumuku, ,Water, ,410,55,60,130,30,130,5,7
772,Type: Null, ,Normal, ,534,95,95,95,95,95,59,7
773,Silvally, ,Normal, ,570,95,95,95,95,95,95,7
774,Minior,Meteor Form,Rock,Flying,440,60,60,100,60,100,60,7
774,Minior,Core Form,Rock,Flying,500,60,100,60,100,60,120,7
775,Komala, ,Normal, ,480,65,115,65,75,95,65,7
776,Turtonator, ,Fire,Dragon,485,60,78,135,91,85,36,7
777,Togedemaru, ,Electric,Steel,435,65,98,63,40,73,96,7
778,Mimikyu, ,Ghost,Fairy,476,55,90,80,50,105,96,7
779,Bruxish, ,Water,Psychic,475,68,105,70,70,70,92,7
780,Drampa, ,Normal,Dragon,485,78,60,85,135,91,36,7
781,Dhelmise, ,Ghost,Grass,517,70,131,100,86,90,40,7
782,Jangmo-o, ,Dragon, ,300,45,55,65,45,45,45,7
783,Hakamo-o, ,Dragon,Fighting,420,55,75,90,65,70,65,7
784,Kommo-o, ,Dragon,Fighting,600,75,110,125,100,105,85,7
785,Tapu Koko, ,Electric,Fairy,570,70,115,85,95,75,130,7
786,Tapu Lele, ,Psychic,Fairy,570,70,85,75,130,115,95,7
787,Tapu Bulu, ,Grass,Fairy,570,70,130,115,85,95,75,7
788,Tapu Fini, ,Water,Fairy,570,70,75,115,95,130,85,7
789,Cosmog, ,Psychic, ,200,43,29,31,29,31,37,7
790,Cosmoem, ,Psychic, ,400,43,29,131,29,131,37,7
791,Solgaleo, ,Psychic,Steel,680,137,137,107,113,89,97,7
792,Lunala, ,Psychic,Ghost,680,137,113,89,137,107,97,7
793,Nihilego, ,Rock,Poison,570,109,53,47,127,131,103,7
794,Buzzwole, ,Bug,Fighting,570,107,139,139,53,53,79,7
795,Pheromosa, ,Bug,Fighting,570,71,137,37,137,37,151,7
796,Xurkitree, ,Electric, ,570,83,89,71,173,71,83,7
797,Celesteela, ,Steel,Flying,570,97,101,103,107,101,61,7
798,Kartana, ,Grass,Steel,570,59,181,131,59,31,109,7
799,Guzzlord, ,Dark,Dragon,570,223,101,53,97,53,43,7
800,Necrozma, ,Psychic, ,600,97,107,101,127,89,79,7
800,Necrozma,Dusk Mane Necrozma,Psychic,Steel,680,97,157,127,113,109,77,7
800,Necrozma,Dawn Wings Necrozma,Psychic,Ghost,680,97,113,109,157,127,77,7
800,Necrozma,Ultra Necrozma,Psychic,Dragon,754,97,167,97,167,97,129,7
801,Magearna, ,Steel,Fairy,600,80,95,115,130,115,65,7
802,Marshadow, ,Fighting,Ghost,600,90,125,80,90,90,125,7
803,Poipole, ,Poison, ,420,67,73,67,73,67,73,7
804,Naganadel, ,Poison,Dragon,540,73,73,73,127,73,121,7
805,Stakataka, ,Rock,Steel,570,61,131,211,53,101,13,7
806,Blacephalon, ,Fire,Ghost,570,53,127,53,151,79,107,7
807,Zeraora, ,Electric, ,600,88,112,75,102,80,143,7
808,Meltan, ,Steel, ,300,46,65,65,55,35,34,7
809,Melmetal, ,Steel, ,600,135,143,143,80,65,34,7
